{"cameraMode":{"drawMode":0,"name":"Shaded","section":"Shading Mode"},"sceneLighting":true,"audioPlay":false,"sceneViewState":{"showFog":true,"showMaterialUpdate":false,"showSkybox":true,"showFlares":true,"showImageEffects":true,"showParticleSystems":true},"in2DMode":false,"pivot":{"x":1.087134838104248,"y":-0.18374207615852357,"z":-0.443308025598526},"rotation":{"x":-0.03837516903877258,"y":0.9394697546958923,"z":-0.11214621365070343,"w":-0.3214758038520813},"size":10.057887077331543,"orthographic":false}